{"cameraMode":{"drawMode":0,"name":"Shaded","section":"Shading Mode"},"sceneLighting":true,"audioPlay":false,"sceneViewState":{"m_AlwaysRefresh":true,"showFog":true,"showSkybox":true,"showFlares":true,"showImageEffects":true,"showParticleSystems":true,"showVisualEffectGraphs":true,"m_FxEnabled":true},"in2DMode":false,"pivot":{"x":0.17367321252822877,"y":0.6710254549980164,"z":5.199552059173584},"rotation":{"x":0.0002482693234924227,"y":0.9904488921165466,"z":-0.13786886632442475,"w":0.001783890649676323},"size":0.18768323957920075,"orthographic":false}